Strategy,Type,Mean_PnL,Std_PnL,Mean_Cost,Total_Cost,Win_Count,Loss_Count,Max_PnL,Min_PnL
Black-Scholes Delta,classical,-5.56728430532272,0.7291191477943663,0.4475897824543963,8.951795649087925,0,20,-4.500461361208153,-7.412406739268262
No Hedge,classical,-4.244483836077016,5.632364810591808,0.0,0.0,0,20,0.0,-21.228358030268254
Full Hedge,classical,-2.046473789376325,3.03571410093494,0.0999854301567824,1.9997086031356481,5,15,1.717087813966728,-8.58436961454592
Constant 50% Hedge,classical,-3.1454788127266706,2.410846998350344,0.0499927150783912,0.9998543015678241,0,20,-0.02104977760771476,-10.857233500828961
